"","player_full_name","team_in_most_recent_game","games_played_last_5_matches","total_goals_scored_last_5_matches","matches_with_at_least_1_goal_last_5_matches","average_disposals_per_game_last_5_matches","matches_with_20_or_more_disposals_last_5_matches"
"1","Lance Franklin","Sydney",5,9,4,9.6,0
"2","David Mundy","Fremantle",5,2,2,23,4
"3","Paddy Ryder","St Kilda",5,3,2,6.6,0
"4","Shannon Hurn","West Coast",5,0,0,22.8,4
"5","Josh Kennedy","West Coast",5,19,5,11,0
"6","Shaun Higgins","Geelong",5,1,1,16.6,2
"7","Scott Pendlebury","Collingwood",5,0,0,19,4
"8","Jayden Hunt","West Coast",5,0,0,7.8,0
"9","Kyle Hartigan","Hawthorn",3,0,0,4.33,0
"10","Joel Selwood","Geelong",5,4,3,22.4,4
"11","Tom Hawkins","Geelong",5,6,4,8.8,0
"12","Shane Edwards","Richmond",5,5,2,11.6,0
"13","Jack Riewoldt","Richmond",5,7,5,8.8,0
"14","Robbie Gray","Port Adelaide",5,4,3,16.6,1
"15","Travis Boak","Port Adelaide",5,2,2,20.2,4
"16","Trent Cotchin","Richmond",5,1,1,16.2,1
"17","Josh Kennedy","Sydney",5,2,2,11.4,0
"18","Callan Ward","Greater Western Sydney",5,3,3,14,1
"19","Ben McEvoy","Hawthorn",5,5,4,11.4,0
"20","Stefan Martin","Western Bulldogs",4,0,0,10.75,0
"21","Todd Goldstein","Essendon",5,0,0,11.8,0
"22","Patrick Dangerfield","Geelong",5,5,2,17.4,1
"23","Mitch Robinson","Brisbane Lions",5,3,3,11.4,0
"24","Taylor Walker","Adelaide",5,8,4,12.4,0
"25","Michael Hurley","Essendon",1,1,1,6,0
"26","Jack Ziebell","North Melbourne",5,1,1,18.8,3
"27","Daniel Rich","Brisbane Lions",5,1,1,19.4,3
"28","Matt de Boer","Greater Western Sydney",5,3,2,8.6,0
"29","Steele Sidebottom","Collingwood",5,4,2,17.6,1
"30","Liam Shiels","North Melbourne",5,2,2,11.2,0
"31","Michael Walters","Fremantle",5,6,2,5.8,0
"32","Nic Naitanui","West Coast",5,1,1,13,0
"33","Jack Redden","West Coast",5,3,2,21.8,3
"34","Dan Hannebery","St Kilda",3,1,1,22.67,2
"35","Rory Sloane","Adelaide",5,1,1,13.2,1
"36","Dustin Martin","Richmond",5,6,3,14.8,1
"37","Mitch Duncan","Geelong",5,0,0,9.8,0
"38","Luke Shuey","West Coast",5,1,1,21.8,4
"39","Steven Motlop","Port Adelaide",5,1,1,7,0
"40","Jake Melksham","Melbourne",5,7,4,10,0
"41","Travis Colyer","Fremantle",5,0,0,11,0
"42","Phil Davis","Greater Western Sydney",5,0,0,11.6,0
"43","Jordan Roughead","Collingwood",1,0,0,6,0
"44","Nat Fyfe","Fremantle",5,0,0,4.2,0
"45","Ben Cunnington","North Melbourne",5,3,2,21.4,4
"46","Gary Rohan","Geelong",5,3,2,8,0
"47","Jack Gunston","Hawthorn",5,20,5,12.4,0
"48","Rhys Stanley","Geelong",5,1,1,8.2,0
"49","Robbie Tarrant","Richmond",5,0,0,7.4,0
"50","Liam Jones","Western Bulldogs",5,0,0,9.4,0
"51","Dylan Grimes","Richmond",5,0,0,8.4,0
"52","Sam Reid","Sydney",5,3,2,10,0
"53","Ed Curnow","Carlton",5,1,1,8.8,0
"54","Cameron Guthrie","Geelong",5,0,0,18.2,2
"55","Brodie Smith","Adelaide",5,1,1,11,0
"56","Ryan Lester","Brisbane Lions",5,0,0,13.4,0
"57","Dyson Heppell","Essendon",5,1,1,22.6,4
"58","Tom Liberatore","Western Bulldogs",5,0,0,24.2,5
"59","Andrew Gaff","West Coast",5,1,1,15.6,2
"60","Jack Darling","North Melbourne",5,7,5,9.8,0
"61","Trent McKenzie","Port Adelaide",5,0,0,6.6,0
"62","Charlie Dixon","Port Adelaide",5,6,3,10.8,0
"63","Dion Prestia","Richmond",5,2,1,21.4,3
"64","David Swallow","Gold Coast",5,0,0,7.8,0
"65","Jared Polec","North Melbourne",2,1,1,14,0
"66","Mitch Wallis","Western Bulldogs",5,4,3,6.2,0
"67","Jamie Cripps","West Coast",5,7,5,12,0
"68","Michael Hibberd","Melbourne",5,0,0,7.6,0
"69","Steven May","Melbourne",5,0,0,18.8,2
"70","Isaac Smith","Geelong",5,3,3,23.2,3
"71","Sam Day","Brisbane Lions",5,0,0,6.6,0
"72","Tom Lynch","Richmond",5,11,5,9.2,0
"73","Luke Parker","North Melbourne",5,2,2,26.8,4
"74","Luke Breust","Hawthorn",5,3,3,7.4,0
"75","Max Gawn","Melbourne",5,2,2,22.2,4
"76","Jeremy Howe","Collingwood",5,0,0,6.2,0
"77","Zach Tuohy","Geelong",5,1,1,14.2,1
"78","Luke Dahlhaus","Geelong",5,1,1,8.4,0
"79","Mitch Brown","Melbourne",3,2,1,8,0
"80","Lachlan Keeffe","Greater Western Sydney",5,2,2,9.2,0
"81","Rory Thompson","Gold Coast",3,0,0,5.33,0
"82","Scott Lycett","Port Adelaide",5,0,0,8.6,0
"83","Tom Jonas","Port Adelaide",5,0,0,8.4,0
"84","Tom Hickey","Sydney",5,0,0,11,0
"85","Tom McDonald","Melbourne",5,0,0,11.4,0
"86","Harry Cunningham","Sydney",5,0,0,13.6,0
"87","Jeremy Cameron","Geelong",5,9,3,13,1
"88","Dylan Shiel","Essendon",5,0,0,24.2,4
"89","Nathan Wilson","Fremantle",5,0,0,15.4,1
"90","Toby Greene","Greater Western Sydney",5,10,4,16,1
"91","Will Hoskin-Elliott","Collingwood",5,3,2,7.8,0
"92","Adam Tomlinson","Melbourne",5,0,0,12.8,0
"93","Stephen Coniglio","Greater Western Sydney",5,1,1,15.2,1
"94","Devon Smith","Essendon",5,1,1,11.4,0
"95","Adam Kennedy","Greater Western Sydney",5,0,0,7.2,0
"96","Brandon Ellis","Gold Coast",5,1,1,14,1
"97","Aaron Hall","North Melbourne",5,0,0,23.6,4
"98","Chad Wingard","Hawthorn",5,5,2,17.4,2
"99","Jack Newnes","Carlton",5,1,1,7.4,0
"100","Adam Treloar","Western Bulldogs",5,3,3,22.6,4
"101","Lachie Neale","Brisbane Lions",5,3,3,27.6,3
"102","Bradley Hill","St Kilda",5,1,1,18.8,2
"103","Jack Crisp","Collingwood",5,2,2,20.6,3
"104","Josh Bruce","Western Bulldogs",5,0,0,8.2,0
"105","Taylor Adams","Sydney",5,1,1,10.8,0
"106","Jarryd Lyons","Brisbane Lions",5,0,0,12,1
"107","Andrew Phillips","Essendon",5,1,1,8.4,0
"108","Dayne Zorko","Brisbane Lions",5,1,1,29,5
"109","Alex Sexton","Gold Coast",5,0,0,4,0
"110","Jamie Elliott","Collingwood",5,12,4,11.6,0
"111","Elliot Yeo","West Coast",5,2,1,23.6,4
"112","Hayden Crozier","Western Bulldogs",5,0,0,13.2,1
"113","Lincoln McCarthy","Brisbane Lions",5,4,3,10.6,0
"114","Nick Haynes","Carlton",5,0,0,18.8,2
"115","Tom Campbell","St Kilda",4,0,0,9.5,0
"116","Luke Brown","Adelaide",5,0,0,12.6,0
"117","Josh Walker","North Melbourne",5,0,0,8.8,0
"118","Levi Casboult","Gold Coast",5,2,1,8.6,0
"119","Sam Frost","Hawthorn",5,0,0,7.8,0
"120","Jason Johannisen","Western Bulldogs",5,0,0,18.2,1
"121","Sebastian Ross","St Kilda",5,1,1,10.8,0
"122","Dane Rampe","Sydney",5,0,0,16.4,1
"123","Jaeger OMeara","Fremantle",5,0,0,14.6,1
"124","Lachie Plowman","Carlton",5,0,0,12,0
"125","Lachie Whitfield","Greater Western Sydney",5,0,0,30,5
"126","Jack Viney","Melbourne",5,2,2,22,4
"127","Ollie Wines","Port Adelaide",5,0,0,24.6,4
"128","Mark Blicavs","Geelong",5,4,4,12.6,1
"129","Jed Anderson","North Melbourne",5,1,1,21.8,4
"130","Brad Crouch","St Kilda",5,1,1,22,3
"131","Sam Mayes","Port Adelaide",3,2,1,4.33,0
"132","Taylor Duryea","Western Bulldogs",5,0,0,10.8,0
"133","Rory Laird","Adelaide",5,1,1,25.2,5
"134","Jack Macrae","St Kilda",5,0,0,19.2,3
"135","Jake Stringer","Greater Western Sydney",5,10,4,11.8,0
"136","Sam Docherty","Carlton",5,3,3,19.2,2
"137","Nick Vlastuin","Richmond",5,0,0,18.2,3
"138","Zac Williams","Carlton",5,4,3,18.2,1
"139","Jarrod Witts","Gold Coast",5,1,1,12.6,1
"140","Aidan Corr","North Melbourne",5,0,0,11.2,0
"141","Dean Kent","St Kilda",2,1,1,4,0
"142","Jimmy Webster","St Kilda",5,0,0,8.2,0
"143","Tom Mitchell","Collingwood",5,0,0,22.4,3
"144","Joe Daniher","Brisbane Lions",5,9,4,13.4,0
"145","Lachie Hunter","Melbourne",5,1,1,18.2,3
"146","Matthew Taberner","Fremantle",5,6,4,6.6,0
"147","Jonathon Ceglar","Geelong",5,0,0,12.4,0
"148","Brodie Grundy","Sydney",5,2,2,22.4,3
"149","James Stewart","Essendon",5,4,2,7.6,0
"150","Sean Lemmens","Gold Coast",5,0,0,10.8,0
"151","Jack Martin","Geelong",5,3,3,7,0
"152","Jarman Impey","Hawthorn",5,1,1,20.4,3
"153","Tom Clurey","Port Adelaide",5,0,0,8.6,0
"154","Zach Merrett","Essendon",5,1,1,25.6,4
"155","Tim OBrien","Western Bulldogs",5,0,0,11.2,0
"156","Luke McDonald","North Melbourne",5,0,0,19,2
"157","Luke Dunstan","Melbourne",5,0,0,12.6,1
"158","Jack Billings","Melbourne",5,1,1,17.6,2
"159","James Aish","Fremantle",5,0,0,7.6,0
"160","Lewis Taylor","Sydney",1,0,0,0,0
"161","Dom Sheed","West Coast",5,0,0,15,1
"162","Angus Dewar","West Coast",1,0,0,7,0
"163","Josh Kelly","Greater Western Sydney",5,4,2,17,1
"164","Matt Crouch","Adelaide",5,0,0,24.6,3
"165","Patrick Cripps","Carlton",5,2,1,26.2,4
"166","Tom Cutler","Essendon",5,2,1,18.4,3
"167","Darcy Gardiner","Brisbane Lions",5,0,0,13.4,0
"168","Jake Lloyd","Sydney",5,0,0,21,4
"169","Marcus Bontempelli","Western Bulldogs",5,6,3,31.8,5
"170","Christian Salem","Melbourne",5,0,0,26.6,5
"171","Jeremy McGovern","West Coast",5,0,0,17.6,2
"172","Blake Acres","Carlton",5,1,1,20.8,3
"173","Charlie Cameron","Brisbane Lions",5,10,4,10.2,0
"174","Jed Bews","Geelong",5,0,0,13,0
"175","Rory Lobb","Western Bulldogs",5,0,0,9.8,0
"176","Zak Jones","St Kilda",5,0,0,17,1
"177","Ben Brown","Melbourne",5,5,3,5.6,0
"178","Daniel McStay","Collingwood",5,3,3,9.6,0
"179","Tim Membrey","Collingwood",5,5,3,8.6,0
"180","Orazio Fantasia","Carlton",5,6,4,12.6,0
"181","Kayne Turner","North Melbourne",5,1,1,12,0
"182","Nick Holman","Gold Coast",5,1,1,4,0
"183","Mason Wood","St Kilda",5,4,3,12.6,0
"184","Sam Naismith","Richmond",3,0,0,8.67,0
"185","Kamdyn McIntosh","Richmond",5,2,2,15,0
"186","Jordan de Goey","Collingwood",5,3,3,19,2
"187","Nakia Cockatoo","Brisbane Lions",5,0,0,8.6,0
"188","Jesse Hogan","Greater Western Sydney",5,8,4,7.4,0
"189","Angus Brayshaw","Melbourne",5,2,2,22.4,4
"190","Jack Sinclair","St Kilda",5,1,1,29,5
"191","Isaac Heeney","Sydney",5,9,5,22.8,4
"192","Jackson Nelson","West Coast",5,0,0,14.8,2
"193","Adam Saad","Carlton",5,0,0,16.2,1
"194","Touk Miller","Gold Coast",5,0,0,23,4
"195","James Sicily","Hawthorn",5,0,0,19,2
"196","Kane Lambert","Richmond",5,0,0,10,1
"197","Liam Duggan","West Coast",5,0,0,20,3
"198","Jake Kelly","Essendon",5,0,0,14.2,1
"199","Paddy McCartin","Sydney",5,1,1,9.2,0
"200","Harris Andrews","Brisbane Lions",5,0,0,18,1
"201","Trent Dumont","Port Adelaide",5,2,2,17.6,2
"202","Kyle Langford","Essendon",5,4,3,11,0
"203","Daniel McKenzie","St Kilda",5,2,2,13.6,1
"204","Jake Lever","Melbourne",5,0,0,10.4,0
"205","Alex Pearce","Fremantle",5,1,1,10.2,0
"206","Bailey Dale","Western Bulldogs",5,0,0,25.8,5
"207","Karl Amon","Hawthorn",5,2,2,25.2,4
"208","Joel Hamling","Sydney",5,0,0,7.6,0
"209","Daniel Howe","North Melbourne",5,2,2,13.6,0
"210","Toby McLean","Western Bulldogs",5,0,0,8.8,0
"211","Peter Wright","Essendon",5,4,3,10.6,0
"212","Alex Neal-Bullen","Adelaide",5,1,1,14.6,1
"213","Jack Steele","St Kilda",5,1,1,16.6,1
"214","Caleb Marchbank","Carlton",5,0,0,12,1
"215","Jake Kolodjashnij","Geelong",5,0,0,12.4,0
"216","Brayden Maynard","Collingwood",5,1,1,17.6,1
"217","Darcy Moore","Collingwood",5,0,0,11,0
"218","Caleb Daniel","North Melbourne",5,0,0,24,4
"219","Toby Nankervis","Richmond",5,0,0,15.8,1
"220","Jayden Laverde","Essendon",5,0,0,15.4,1
"221","James Harmes","Western Bulldogs",5,2,2,19,2
"222","Rory Atkins","Port Adelaide",5,0,0,13.4,2
"223","Tom Barrass","Hawthorn",5,0,0,9.2,0
"224","Lachie Weller","Gold Coast",5,0,0,18,1
"225","Roarke Smith","Western Bulldogs",5,4,2,6.4,0
"226","Conor McKenna","Brisbane Lions",5,2,2,5,0
"227","Zaine Cordy","St Kilda",5,2,2,5.4,0
"228","Ed Langdon","Melbourne",5,1,1,15.8,1
"229","Oscar McDonald","Fremantle",5,1,1,9.6,0
"230","Ethan Hughes","Fremantle",5,0,0,13.2,0
"231","Jacob Weitering","Carlton",5,0,0,11.6,0
"232","Daniel Rioli","Gold Coast",5,2,2,15.8,1
"233","Mitch McGovern","Carlton",5,9,4,12.8,0
"234","Wayne Milera","Adelaide",5,0,0,18.4,2
"235","Darcy Parish","Essendon",5,0,0,28,5
"236","Anthony McDonald-Tipungwuti","Essendon",5,2,2,8,0
"237","Josh Dunkley","Brisbane Lions",5,2,2,20.2,2
"238","Marcus Adams","Brisbane Lions",5,0,0,10.4,0
"239","Clayton Oliver","Melbourne",5,1,1,27.2,5
"240","George Hewett","Carlton",5,1,1,31,5
"241","Tom Papley","Sydney",5,7,4,16.8,2
"242","Callum Mills","Sydney",5,1,1,24.2,5
"243","Callum Ah Chee","Brisbane Lions",5,1,1,16,0
"244","Jade Gresham","Essendon",5,1,1,15.4,1
"245","Josh Schache","Melbourne",5,2,2,5.2,0
"246","Marc Pittonet","Carlton",5,2,1,11.6,0
"247","Jayden Short","Richmond",5,0,0,21.4,3
"248","Dougal Howard","St Kilda",5,0,0,10.6,0
"249","Charlie Curnow","Carlton",5,5,2,13.8,0
"250","Darcy Byrne-Jones","Port Adelaide",5,1,1,13.4,0
"251","Darcy Tucker","North Melbourne",5,0,0,15,2
"252","Mason Cox","Collingwood",5,2,1,6.6,0
"253","Christian Petracca","Melbourne",5,4,4,24.6,5
"254","Jason Castagna","Richmond",5,2,2,8.4,0
"255","Aliir Aliir","Port Adelaide",5,1,1,15,1
"256","Ben Keays","Adelaide",5,5,3,14.2,0
"257","Mason Redman","Essendon",5,1,1,27.2,5
"258","Darcy Macpherson","Gold Coast",5,0,0,8.8,1
"259","Jacob Hopper","Richmond",5,0,0,26.8,5
"260","Bailey Williams","Western Bulldogs",5,1,1,19.4,3
"261","Rhys Mathieson","Brisbane Lions",5,0,0,12.6,1
"262","Sam Collins","Gold Coast",5,0,0,10.8,0
"263","Tom Cole","West Coast",5,0,0,18.4,2
"264","Tom Phillips","Hawthorn",4,0,0,9.25,0
"265","Corey Wagner","Fremantle",5,1,1,13.4,1
"266","Eric Hipwood","Brisbane Lions",5,2,2,11.4,0
"267","Matthew Kennedy","Western Bulldogs",5,1,1,23,5
"268","Nathan Broad","Richmond",5,0,0,12,0
"269","Jack Silvagni","Carlton",5,0,0,11.8,0
"270","Oleg Markov","Collingwood",5,0,0,10.4,0
"271","Ryan Clarke","Sydney",5,0,0,6,0
"272","Harry Himmelberg","Greater Western Sydney",5,1,1,17.4,2
"273","Sam Menegola","Geelong",5,2,2,18.4,3
"274","Aaron Francis","Sydney",5,1,1,7.4,0
"275","Blake Hardwick","Hawthorn",5,0,0,16.8,2
"276","Reilly OBrien","Adelaide",5,0,0,10,0
"277","Sam Weideman","Essendon",5,2,1,8.2,0
"278","David Cuningham","Carlton",5,1,1,7.8,0
"279","Ryan Burton","Port Adelaide",5,0,0,21.4,3
"280","Brayden Fiorini","Gold Coast",5,2,2,18.6,2
"281","Riley Bonner","St Kilda",5,0,0,18.2,3
"282","Will Snelling","Essendon",5,1,1,9.2,0
"283","Mabior Chol","Hawthorn",5,6,3,10.4,0
"284","Sam Petrevski-Seton","West Coast",5,1,1,16,0
"285","Dan Butler","St Kilda",5,3,2,6.8,0
"286","Andrew McGrath","Essendon",5,1,1,27,5
"287","Mitch Hannan","Western Bulldogs",5,3,3,7.4,0
"288","Joel Smith","Melbourne",5,7,4,7.2,0
"289","Sam Powell-Pepper","Port Adelaide",5,4,3,15.8,1
"290","Dan Houston","Collingwood",5,2,2,18,2
"291","Oliver Florent","Sydney",5,1,1,14.6,0
"292","Ben Ainsworth","Gold Coast",5,5,3,11.2,0
"293","Jack Bowes","Geelong",5,4,4,14.4,0
"294","Braydon Preuss","Greater Western Sydney",5,1,1,10.8,0
"295","Declan Mountford","West Coast",2,1,1,10,0
"296","Jy Simpkin","North Melbourne",5,2,2,26,5
"297","Tim Taranto","Richmond",5,5,3,26.6,4
"298","Tom Stewart","Geelong",5,1,1,19,3
"299","Brandan Parfitt","Geelong",5,1,1,14.6,1
"300","Nic Newman","Carlton",5,0,0,29,5
"301","Will Hayward","Sydney",5,8,3,11.2,0
"302","Robbie Fox","Sydney",5,1,1,8.2,1
"303","Griffin Logue","North Melbourne",5,1,1,13.6,0
"304","Sam Durdin","Carlton",2,0,0,7,0
"305","Jordan Dawson","Adelaide",5,2,2,22.4,4
"306","Tom Williamson","Carlton",1,0,0,0,0
"307","Hugh McCluggage","Brisbane Lions",5,9,3,27.2,4
"308","Jarrod Berry","Brisbane Lions",5,2,2,19,2
"309","Zac Fisher","North Melbourne",5,2,2,10.4,0
"310","Ben Long","Gold Coast",5,8,4,9.2,0
"311","Lewis Melican","Sydney",5,0,0,7.4,0
"312","Ivan Soldo","Port Adelaide",5,1,1,8,0
"313","Mark OConnor","Geelong",5,0,0,10.4,0
"314","Daniel Lloyd","Greater Western Sydney",5,4,4,13,0
"315","Hugh Greenwood","North Melbourne",5,2,2,11,0
"316","Shai Bolton","Fremantle",5,5,3,15.6,0
"317","Harry Perryman","Collingwood",5,0,0,14.4,0
"318","Tim English","Western Bulldogs",5,2,1,19,3
"319","Will Brodie","Fremantle",5,1,1,20.6,3
"320","Luke Ryan","Fremantle",5,0,0,19,2
"321","Brennan Cox","Fremantle",5,0,0,8.6,0
"322","Callum Brown","Collingwood",5,1,1,9.6,0
"323","Alex Witherden","West Coast",5,0,0,18.4,3
"324","Sean Darcy","Fremantle",5,0,0,11.2,0
"325","Sam Simpson","Geelong",5,5,3,8.2,0
"326","Zach Guthrie","Geelong",5,0,0,16.4,1
"327","Tyson Stengle","Geelong",5,5,2,13.4,0
"328","Jeremy Finlayson","Port Adelaide",5,4,2,8.2,0
"329","Cameron Zurhaar","North Melbourne",5,6,3,8.8,0
"330","Josh Battle","Hawthorn",5,0,0,17.4,0
"331","Lewis Young","Carlton",5,1,1,9.6,0
"332","Alex Keath","Western Bulldogs",5,0,0,11,0
"333","Nick Larkey","North Melbourne",5,17,5,9.8,0
"334","Rowan Marshall","St Kilda",5,2,2,19.8,3
"335","Jack Scrimshaw","Hawthorn",5,0,0,15,0
"336","Harry McKay","Carlton",5,13,5,14.8,1
"337","Will Setterfield","Essendon",5,0,0,21,2
"338","Sam Skinner","Port Adelaide",2,0,0,9,0
"339","Josh Daicos","Collingwood",5,0,0,21.6,3
"340","Todd Marshall","Port Adelaide",5,1,1,7,0
"341","Jack Graham","West Coast",5,1,1,18.8,2
"342","Patrick Lipinski","Collingwood",5,3,3,14.6,0
"343","Harry Morrison","Hawthorn",5,2,2,18.6,1
"344","Ben McKay","Essendon",5,0,0,8.4,0
"345","Paddy Dow","St Kilda",5,2,2,14.2,1
"346","Tom Doedee","Brisbane Lions",5,0,0,10.8,0
"347","Darcy Fogarty","Adelaide",5,5,4,13,0
"348","Lachlan Murphy","Adelaide",5,0,0,8,0
"349","Jaidyn Stephenson","North Melbourne",5,2,2,14.8,1
"350","Bailey Banfield","Fremantle",5,0,0,15.4,1
"351","Andrew Brayshaw","Fremantle",5,1,1,23.8,4
"352","Luke Davies-Uniacke","North Melbourne",5,3,3,26.6,5
"353","Hunter Clark","St Kilda",5,0,0,16.2,3
"354","Cam Rayner","Brisbane Lions",5,8,5,12.2,0
"355","Aaron Naughton","Western Bulldogs",5,22,5,13.6,1
"356","Tim Kelly","West Coast",5,3,2,23.6,4
"357","Lachie Fogarty","Carlton",5,2,2,12.4,0
"358","Esava Ratugolea","Port Adelaide",5,0,0,13,0
"359","Bayley Fritsch","Melbourne",5,12,4,13.4,0
"360","Zac Langdon","West Coast",5,1,1,10,0
"361","Liam Ryan","West Coast",5,5,3,10.4,0
"362","Jake Waterman","West Coast",5,11,5,10.2,0
"363","Adam Cerra","Carlton",5,2,2,21.8,3
"364","Mitch Crowden","Fremantle",2,0,0,0,0
"365","Ed Richards","Western Bulldogs",5,7,4,24.4,5
"366","Willie Rioli","Port Adelaide",5,5,2,7,0
"367","Jack Henry","Geelong",5,0,0,10.4,0
"368","Nick Coffield","Western Bulldogs",5,0,0,12.6,0
"369","Jack Higgins","St Kilda",5,11,4,8.6,0
"370","Zac Bailey","Brisbane Lions",5,12,5,22,4
"371","Lochie OBrien","Carlton",5,0,0,7.8,0
"372","Matt Guelfi","Essendon",5,5,3,7.6,0
"373","Ben Ronke","Sydney",5,3,1,7.8,0
"374","Oscar McInerney","Brisbane Lions",5,0,0,7.2,0
"375","James Worpel","Hawthorn",5,0,0,21.4,4
"376","Charlie Spargo","Melbourne",5,1,1,9.2,0
"377","Jack Petruccelle","West Coast",5,3,3,7.6,0
"378","Charlie Ballard","Gold Coast",5,1,1,9.8,0
"379","Tom McCartin","Sydney",5,1,1,15.2,1
"380","Brayden Ainsworth","West Coast",1,0,0,6,0
"381","Isaac Cumming","Adelaide",5,1,1,14.6,1
"382","Jordan Ridley","Essendon",5,0,0,15.8,2
"383","Mitch Lewis","Hawthorn",5,5,3,7,0
"384","Jamaine Jones","West Coast",5,1,1,9.8,0
"385","Brody Mihocek","Collingwood",5,3,2,9,0
"386","Stefan Giro","West Coast",1,0,0,9,0
"387","Sam Taylor","Greater Western Sydney",5,0,0,10,0
"388","Jarrod Brander","Greater Western Sydney",5,4,4,13,0
"389","Quinton Narkle","Fremantle",5,1,1,6.8,0
"390","Wil Powell","Gold Coast",5,1,1,19,3
"391","Harry Petty","Melbourne",5,8,4,9.4,0
"392","Darragh Joyce","Brisbane Lions",5,0,0,11.2,0
"393","Oscar Allen","West Coast",5,8,3,9,0
"394","Brent Daniels","Greater Western Sydney",5,0,0,10.8,0
"395","Colin ORiordan","Sydney",5,0,0,7.2,0
"396","Jarrod Lienert","St Kilda",5,0,0,14.4,1
"397","Darcy Cameron","Collingwood",5,2,2,16.8,1
"398","Liam Baker","West Coast",5,3,2,21.2,3
"399","Fergus Greene","Hawthorn",5,4,2,7.2,0
"400","Kane Farrell","Port Adelaide",5,0,0,21.4,4
"401","Jack Madgen","Collingwood",5,1,1,6.2,0
"402","Brandon Starcevich","Brisbane Lions",5,0,0,8.2,0
"403","Aiden Bonar","North Melbourne",5,0,0,12.2,0
"404","Conor Nash","Hawthorn",5,1,1,20.4,2
"405","Ben Paton","Sydney",5,0,0,8,0
"406","Sam Switkowski","Fremantle",5,2,2,13.4,0
"407","Nathan Murphy","Collingwood",5,0,0,7.4,0
"408","Tom De Koning","Carlton",5,1,1,14.8,0
"409","Elliott Himmelberg","Adelaide",5,3,2,8.4,0
"410","Billy Frampton","Collingwood",5,0,0,11.4,0
"411","Sam Walsh","Carlton",5,1,1,26.6,4
"412","Noah Balta","Richmond",5,4,3,10.8,0
"413","Charlie Constable","Gold Coast",4,0,0,12.25,1
"414","Jordan Clark","Fremantle",5,0,0,23.4,5
"415","Gryan Miers","Geelong",5,1,1,20.8,2
"416","Tom Atkins","Geelong",5,1,1,21.8,4
"417","Chayce Jones","Adelaide",5,0,0,6,0
"418","Bailey Smith","Geelong",5,2,2,30,5
"419","Tom Sparrow","Melbourne",5,0,0,15,1
"420","Marty Hore","Melbourne",5,0,0,11,0
"421","Willem Drew","Port Adelaide",5,0,0,20,3
"422","Xavier Duursma","Essendon",5,2,2,19,2
"423","Connor Rozee","Port Adelaide",5,3,2,22.4,3
"424","Zak Butters","Port Adelaide",5,0,0,27.4,4
"425","Nick Blakey","Sydney",5,2,1,22.4,5
"426","Lachie Schultz","Collingwood",5,4,3,15.2,0
"427","Bailey Scott","North Melbourne",5,1,1,11.2,0
"428","Matthew Parker","Richmond",5,4,2,11.8,0
"429","Callum Wilkie","St Kilda",5,0,0,17,1
"430","Jack Lukosius","Port Adelaide",5,7,3,10.4,0
"431","Chris Burgess","Adelaide",5,4,2,7.2,0
"432","Tarryn Thomas","North Melbourne",5,2,1,20.4,4
"433","Sydney Stack","Richmond",2,0,0,2.5,0
"434","Josh Rotham","West Coast",5,0,0,7,0
"435","Dylan Moore","Hawthorn",5,5,4,22.2,2
"436","Justin McInerney","Sydney",5,4,3,20.2,3
"437","Jack Ross","Richmond",5,0,0,22.4,4
"438","Brayden Ham","Essendon",5,0,0,3.4,0
"439","James Rowbottom","Sydney",5,4,3,12.6,0
"440","Jackson Hately","Adelaide",5,0,0,16.2,2
"441","Will Hayes","Carlton",2,0,0,14,1
"442","Lachie Young","North Melbourne",5,0,0,15.6,1
"443","Noah Answerth","Brisbane Lions",5,0,0,11.2,0
"444","Josh Corbett","Fremantle",5,3,2,6.6,0
"445","Liam Stocker","St Kilda",5,0,0,10.8,0
"446","Curtis Taylor","North Melbourne",5,2,2,10.8,1
"447","Oskar Baker","Western Bulldogs",5,1,1,16.8,2
"448","Darcy Fort","Brisbane Lions",5,0,0,10.4,0
"449","Mitch Hinge","Adelaide",5,0,0,13.2,1
"450","Ben King","Gold Coast",5,14,4,7.2,0
"451","Peter Ladhams","Sydney",5,4,2,9.4,0
"452","Callum Coleman-Jones","North Melbourne",5,0,0,4.6,0
"453","Ryan Gardner","Western Bulldogs",5,0,0,7.2,0
"454","Patrick Naish","West Coast",5,0,0,10.8,1
"455","Nick Hind","Essendon",5,2,2,9.8,0
"456","Jake Stein","Greater Western Sydney",5,1,1,4,0
"457","Ben Davis","Adelaide",5,0,0,2.2,0
"458","Kyron Hayden","North Melbourne",5,0,0,10.4,0
"459","Isaac Quaynor","Collingwood",5,0,0,13.8,0
"460","John Noble","Gold Coast",5,0,0,23.8,4
"461","Bobby Hill","Collingwood",5,5,5,8,0
"462","Hayden McLean","Sydney",5,5,3,8.2,0
"463","Rhylee West","Western Bulldogs",5,10,5,12.8,0
"464","Connor Idun","Greater Western Sydney",5,0,0,15.4,1
"465","Changkuoth Jiath","Hawthorn",5,0,0,9,0
"466","James Bell","Sydney",5,2,2,7.4,0
"467","Caleb Graham","Gold Coast",5,0,0,10.8,0
"468","Jye Caldwell","Essendon",5,3,3,26.2,4
"469","Kade Chandler","Melbourne",5,5,4,14.2,0
"470","Brandon Zerk-Thatcher","Port Adelaide",5,0,0,11.4,0
"471","Zach Sproule","Greater Western Sydney",5,0,0,5.6,0
"472","Hugh Dixon","West Coast",5,3,2,7.2,0
"473","Marlion Pickett","Richmond",5,2,2,12.6,0
"474","Tyler Brown","Adelaide",5,1,1,1.6,0
"475","Sam Sturt","Fremantle",5,7,5,10.8,0
"476","Mitch Georgiades","Port Adelaide",5,11,5,13.4,0
"477","Noah Anderson","Gold Coast",5,4,2,29,5
"478","Matt Rowell","Gold Coast",5,4,3,26.8,5
"479","Connor Budarick","Gold Coast",5,3,2,9.8,0
"480","Tom Green","Greater Western Sydney",5,2,2,29.2,5
"481","Kysaiah Pickett","Melbourne",5,5,4,18.6,2
"482","Toby Bedford","Greater Western Sydney",5,7,5,12,0
"483","Max King","St Kilda",5,10,4,10,0
"484","Deven Robertson","Brisbane Lions",5,0,0,4.8,0
"485","Ned McHenry","Adelaide",5,2,2,9.4,0
"486","Laitham Vandermeer","Western Bulldogs",5,0,0,6.6,0
"487","Hayden Young","Fremantle",5,3,1,16,2
"488","Trent Rivers","Melbourne",5,1,1,21.4,4
"489","Luke Jackson","Fremantle",5,5,4,18.2,2
"490","Tom Berry","Gold Coast",5,0,0,9.8,0
"491","Will Hamill","Adelaide",5,0,0,12.4,0
"492","Lachie Ash","Greater Western Sydney",5,0,0,27,4
"493","Shane McAdam","Melbourne",5,6,3,9.6,0
"494","Louis Butler","Western Bulldogs",1,0,0,13,0
"495","Caleb Serong","Fremantle",5,1,1,26.4,4
"496","Jack Mahony","North Melbourne",5,2,2,8,0
"497","Tristan Xerri","North Melbourne",5,0,0,16.4,2
"498","Jake Aarts","Richmond",5,1,1,6,0
"499","Andrew McPherson","Adelaide",1,0,0,10,0
"500","Will Kelly","Collingwood",2,0,0,6.5,0
"501","Atu Bosenavulagi","North Melbourne",5,0,0,7,0
"502","Will Day","Hawthorn",5,3,3,20,2
"503","Josh Morris","Hawthorn",5,0,0,9,0
"504","Dylan Stephens","North Melbourne",5,3,2,19,3
"505","Chad Warner","Sydney",5,3,2,22.2,3
"506","Izak Rankine","Adelaide",5,8,5,17.4,1
"507","Cody Weightman","Western Bulldogs",5,5,3,12,0
"508","Michael Frederick","Fremantle",5,4,2,12,0
"509","Ryan Byrnes","St Kilda",5,2,2,13,0
"510","Brad Close","Geelong",5,3,3,13,0
"511","Kieran Strachan","Adelaide",4,1,1,11.25,0
"512","Mark Keane","Adelaide",5,0,0,17.2,1
"513","Sam Draper","Essendon",5,7,4,13.4,1
"514","Harry Edwards","West Coast",5,0,0,11.6,0
"515","Harry Schoenberg","Adelaide",5,3,3,9.6,0
"516","Lachlan Sholl","Adelaide",5,1,1,14,1
"517","Trey Ruscoe","Collingwood",5,0,0,8.8,0
"518","Sam Wicks","Sydney",5,0,0,15.6,1
"519","Jack Payne","Brisbane Lions",5,0,0,11,0
"520","Jeremy Sharp","Fremantle",5,0,0,8.8,0
"521","Xavier OHalloran","Greater Western Sydney",5,2,2,16.2,1
"522","Matthew Cottrell","Carlton",5,1,1,17.6,2
"523","Jack Bytel","Collingwood",5,1,1,14,1
"524","Sam Flanders","Gold Coast",5,1,1,15.6,2
"525","Josh Honey","Carlton",5,2,2,7,0
"526","Jordon Butts","Adelaide",5,0,0,6.2,0
"527","Liam Henry","St Kilda",5,2,2,8.6,0
"528","Xavier ONeill","West Coast",5,1,1,11.6,0
"529","Tom Fullarton","Melbourne",5,0,0,5.6,0
"530","Jake Riccardi","Greater Western Sydney",5,4,3,11.2,0
"531","Thomson Dow","Richmond",5,0,0,17.6,1
"532","Bailey Williams","West Coast",5,2,2,9,0
"533","Max Lynch","Hawthorn",5,4,3,9.2,0
"534","Keidean Coleman","Brisbane Lions",5,0,0,18.2,2
"535","Matthew Owies","West Coast",5,1,1,7.4,0
"536","Flynn Perez","North Melbourne",5,1,1,10.6,0
"537","Finn Maginness","Hawthorn",5,1,1,8.6,0
"538","Joel Amartey","Sydney",5,8,3,8.8,0
"539","Jack Buckley","Greater Western Sydney",5,0,0,11,0
"540","Luke Foley","West Coast",5,0,0,12.8,0
"541","Jy Farrar","Gold Coast",5,5,4,8.4,0
"542","Sam Berry","Adelaide",5,0,0,15,1
"543","James Rowe","Adelaide",5,2,1,7.4,0
"544","Oliver Henry","Geelong",5,5,4,7.8,0
"545","Nik Cox","Essendon",5,3,1,10.6,0
"546","Harry Jones","Essendon",5,1,1,9.6,0
"547","Lachlan McNeil","Western Bulldogs",5,4,2,6.8,0
"548","Anthony Scott","Western Bulldogs",5,1,1,6.8,0
"549","Lloyd Meek","Hawthorn",5,1,1,14.2,0
"550","Tyler Brockman","West Coast",5,3,3,8.2,0
"551","Jacob Koschitzke","Richmond",5,1,1,8.6,0
"552","James Jordon","Sydney",5,0,0,14.4,1
"553","Logan McDonald","Sydney",5,6,3,10.6,0
"554","Errol Gulden","Sydney",5,3,2,30,5
"555","Braeden Campbell","Sydney",5,4,3,11.6,0
"556","Harry Sharp","Melbourne",5,0,0,4.6,0
"557","Charlie Lazzaro","North Melbourne",5,1,1,8.2,0
"558","Tom Powell","North Melbourne",5,2,2,19.4,3
"559","Miles Bergman","Port Adelaide",5,3,2,16.2,1
"560","Tom Highmore","St Kilda",3,0,0,14.33,1
"561","Matt Flynn","West Coast",5,2,2,11.2,0
"562","Tanner Bruhn","Geelong",5,2,2,15.6,2
"563","Nick Murray","Adelaide",5,0,0,6.6,0
"564","Francis Evans","Carlton",5,12,5,14,0
"565","Jaxon Prior","Essendon",5,0,0,16.6,1
"566","Heath Chapman","Fremantle",5,0,0,10.8,0
"567","Beau McCreery","Collingwood",5,0,0,14.2,0
"568","Will Phillips","North Melbourne",5,0,0,16,1
"569","Alec Waterman","Essendon",5,2,2,6.8,0
"570","Archie Perkins","Essendon",5,3,2,13.8,0
"571","Luke Parks","Carlton",2,0,0,8,0
"572","Max Holmes","Geelong",5,4,4,28,5
"573","Lachie Jones","Port Adelaide",5,0,0,12.4,0
"574","Rhyan Mansell","Richmond",5,5,4,13.4,0
"575","Isiah Winder","West Coast",5,3,1,10,0
"576","Conor Stone","Greater Western Sydney",5,0,0,15.2,0
"577","Josh Treacy","Fremantle",5,12,5,12.8,0
"578","Finlay Macrae","Collingwood",5,1,1,11.2,0
"579","Zach Reid","Essendon",5,0,0,17.6,1
"580","Jordon Sweet","Port Adelaide",5,1,1,13.6,0
"581","Sam De Koning","Geelong",5,1,1,11.6,0
"582","Riley Thilthorpe","Adelaide",5,12,5,14.2,0
"583","Martin Frederick","Port Adelaide",5,0,0,5,0
"584","Caleb Poulter","Western Bulldogs",5,2,2,7.8,0
"585","Emerson Jeka","Hawthorn",3,0,0,11.33,0
"586","Riley Collier-Dawkins","Richmond",2,0,0,12.5,0
"587","James Madden","Brisbane Lions",4,0,0,5.25,0
"588","Nick Bryan","Essendon",5,0,0,10.4,0
"589","Buku Khamis","Western Bulldogs",5,6,4,6.4,0
"590","Tom Wilson","Collingwood",4,2,2,7,0
"591","Hugo Ralphsmith","Richmond",5,1,1,13.6,1
"592","Malcolm Rosas","Gold Coast",5,1,1,5.2,0
"593","Kieren Briggs","Greater Western Sydney",5,1,1,12.4,0
"594","Ned Reeves","Hawthorn",5,1,1,7.8,0
"595","Riley Garcia","Western Bulldogs",5,1,1,13.6,0
"596","Trent Bianco","Collingwood",5,1,1,10,0
"597","Callum Brown","Greater Western Sydney",5,6,2,9.4,0
"598","Luke Edwards","West Coast",5,2,2,13.2,0
"599","Josh Worrell","Adelaide",5,0,0,24,3
"600","Brandon Walker","Fremantle",5,0,0,11.6,1
"601","Jai Newcombe","Hawthorn",5,2,2,25,5
"602","Lachlan Bramble","Western Bulldogs",5,1,1,16.6,1
"603","Dylan Williams","Port Adelaide",5,0,0,8.6,0
"604","Samson Ryan","Richmond",5,0,0,7.6,0
"605","Denver Grainger-Barras","Hawthorn",5,4,4,5.4,0
"606","Luke Pedlar","Adelaide",5,9,5,6.8,0
"607","Eddie Ford","North Melbourne",5,2,2,13.2,0
"608","Jamarra Ugle-Hagan","Western Bulldogs",5,6,3,10.8,0
"609","Jed McEntee","Port Adelaide",5,5,3,9.6,0
"610","Sam Durham","Essendon",5,1,1,21.6,3
"611","Connor West","West Coast",5,2,2,10,0
"612","Jack Ginnivan","Hawthorn",5,6,3,18.6,3
"613","Cooper Sharman","St Kilda",5,10,5,12.2,0
"614","Nathan Kreuger","Collingwood",5,4,3,7,0
"615","Jake Bowey","Melbourne",5,0,0,22,4
"616","Brayden Cook","Adelaide",5,0,0,7.4,0
"617","Joel Jeffrey","Gold Coast",5,0,0,16.2,1
"618","James Peatling","Adelaide",5,6,4,14.8,0
"619","Maurice Rioli","Richmond",5,1,1,8,0
"620","Corey Durdin","Carlton",5,2,2,8.8,0
"621","Brodie Kemp","Carlton",5,7,3,8.6,0
"622","Charlie Comben","North Melbourne",5,0,0,13,0
"623","Lachlan Gollant","Adelaide",5,2,2,7.2,0
"624","Phoenix Spicer","North Melbourne",5,1,1,6.4,0
"625","Ben Miller","Richmond",5,0,0,14,0
"626","Alex Davies","Gold Coast",5,2,2,14.8,0
"627","Nick Daicos","Collingwood",5,2,2,26.2,5
"628","Kaine Baldwin","Essendon",5,1,1,8.6,0
"629","Nic Martin","Essendon",5,1,1,21.2,4
"630","Jackson Mead","Port Adelaide",5,1,1,11.8,0
"631","Josh Gibcus","Richmond",5,0,0,6.6,0
"632","Mitch Owens","St Kilda",5,6,4,11.2,0
"633","Jack Hayes","St Kilda",5,5,4,9,0
"634","Nasiah Wanganeen-Milera","St Kilda",5,6,3,30,5
"635","Angus Sheldrick","Sydney",5,1,1,18.6,3
"636","Jake Soligo","Adelaide",5,2,2,18.4,3
"637","Josh Rachele","Adelaide",5,7,3,8.2,0
"638","Connor Macdonald","Hawthorn",5,6,4,17.8,1
"639","Josh Ward","Hawthorn",5,0,0,19.2,2
"640","Jason Horne-Francis","Port Adelaide",5,6,4,20,2
"641","Brady Hough","West Coast",5,0,0,15,1
"642","Tex Wanganeen","Essendon",5,1,1,2.6,0
"643","Josh Sinn","Port Adelaide",5,0,0,10.2,0
"644","Nathan ODriscoll","Fremantle",5,0,0,9.4,0
"645","Callum Jamieson","West Coast",5,0,0,12.4,0
"646","Jack Williams","West Coast",5,4,3,6,0
"647","Aaron Black","West Coast",1,1,1,15,0
"648","Reef McInnes","Collingwood",5,1,1,6.8,0
"649","Jordan Boyd","Carlton",5,0,0,8,0
"650","Neil Erasmus","Fremantle",5,2,2,19.4,2
"651","Marcus Windhager","St Kilda",5,0,0,24.6,5
"652","Kai Lohmann","Brisbane Lions",5,10,5,15,0
"653","Finn Callaghan","Greater Western Sydney",5,2,2,28.6,5
"654","Ben Hobbs","Essendon",5,1,1,14.2,0
"655","Sam Hayes","Port Adelaide",5,0,0,8.2,0
"656","Robbie McComb","Western Bulldogs",5,1,1,2.6,0
"657","Luke Strnadica","West Coast",2,1,1,10.5,0
"658","Oliver Dempsey","Geelong",5,12,4,18.8,1
"659","Paul Curtis","North Melbourne",5,10,3,10.2,0
"660","Jack Carroll","St Kilda",5,1,1,7.4,0
"661","Aiden Begg","Collingwood",3,0,0,10,0
"662","Jackson Callow","Hawthorn",3,0,0,8,0
"663","Miller Bergman","North Melbourne",5,0,0,9.4,0
"664","Greg Clark","West Coast",5,1,1,7,0
"665","Cooper Hamilton","Greater Western Sydney",5,1,1,11.4,0
"666","Alastair Lord","Essendon",1,0,0,0,0
"667","Jye Amiss","Fremantle",5,7,3,5.6,0
"668","Jake Florenca","West Coast",1,0,0,19,0
"669","Cooper Stephens","Geelong",5,0,0,11.4,0
"670","Mitch Knevitt","Geelong",5,0,0,8.8,0
"671","Luke Cleary","Western Bulldogs",5,1,1,14.2,0
"672","Sam Butler","Hawthorn",5,3,2,11.4,1
"673","Bigoa Nyuon","North Melbourne",4,0,0,12.25,0
"674","Jesse Motlop","Carlton",5,4,4,11.8,1
"675","Jacob Wehr","Greater Western Sydney",5,0,0,9.8,0
"676","Shannon Neale","Geelong",5,8,5,5.8,0
"677","Noah Cumberland","Richmond",5,4,2,6.2,0
"678","Matt Roberts","Sydney",5,0,0,15.2,1
"679","Patrick Parnell","Adelaide",5,0,0,12.6,1
"680","Daniel Turner","Melbourne",5,1,1,12,0
"681","Judson Clarke","Richmond",5,4,3,8,0
"682","Massimo DAmbrosio","Hawthorn",5,0,0,14.8,0
"683","Brynn Teakle","North Melbourne",5,1,1,8.6,0
"684","Rhett Bazzo","West Coast",5,0,0,11.8,0
"685","Ryan Angwin","Greater Western Sydney",5,1,1,14.8,0
"686","Isaac Chugg","Collingwood",2,0,0,2.5,0
"687","James Blanck","Hawthorn",5,0,0,5.6,0
"688","Jackson Archer","North Melbourne",5,0,0,7,0
"689","James Tunstill","Brisbane Lions",5,0,0,7.6,0
"690","Dominic Bedendo","Western Bulldogs",2,1,1,10,0
"691","Jase Burgoyne","Port Adelaide",5,0,0,15.8,1
"692","Zane Trew","West Coast",5,2,2,8.8,0
"693","James Tsitas","Gold Coast",5,3,2,4.8,0
"694","Hewago Oea","Gold Coast",5,3,3,7.4,0
"695","Josh Carmichael","Collingwood",5,1,1,8.4,0
"696","Carter Michael","Brisbane Lions",1,1,1,8,0
"697","Ash Johnson","Collingwood",5,3,1,4.4,0
"698","Tyler Sonsie","Richmond",5,0,0,18.8,3
"699","Jai Culley","Melbourne",5,4,3,12.2,0
"700","Elijah Hollands","Carlton",5,1,1,17,2
"701","Jye Menzie","Essendon",5,4,2,6.8,0
"702","Kallan Dawson","North Melbourne",5,0,0,8.2,0
"703","Mac Andrew","Gold Coast",5,1,1,15.8,2
"704","Leek Aleer","Greater Western Sydney",5,0,0,9.2,0
"705","Sam Darcy","Western Bulldogs",5,16,4,14.2,0
"706","Jai Serong","Hawthorn",5,0,0,8.4,0
"707","Ned Long","Collingwood",5,1,1,17,2
"708","Jack Saunders","Hawthorn",1,1,1,7,0
"709","Josh Goater","North Melbourne",5,0,0,14.2,1
"710","Darcy Wilmot","Brisbane Lions",5,0,0,21.8,3
"711","Max Michalanney","Adelaide",5,0,0,15.4,2
"712","Lachlan Cowan","Carlton",5,0,0,18.4,3
"713","Oliver Hollands","Carlton",5,0,0,21.8,4
"714","Alwyn Davey","Essendon",5,3,3,5.4,0
"715","Cam Mackenzie","Hawthorn",5,0,0,12,1
"716","Bailey Laurie","Melbourne",5,0,0,8.8,0
"717","Judd McVee","Melbourne",5,0,0,13.4,0
"718","Harry Sheezel","North Melbourne",5,3,2,35.4,5
"719","Anthony Caminiti","St Kilda",5,1,1,8.4,0
"720","Mattaes Phillipou","St Kilda",5,2,1,6.8,1
"721","Noah Long","West Coast",5,2,2,9,0
"722","Reuben Ginbey","West Coast",5,0,0,13.8,1
"723","Campbell Chesser","West Coast",5,2,2,15.4,1
"724","Will Ashcroft","Brisbane Lions",5,6,4,28.4,5
"725","Bodhi Uwland","Gold Coast",5,0,0,17.2,0
"726","Cooper Whyte","Geelong",1,0,0,1,0
"727","Tylar Young","Richmond",5,0,0,13.2,0
"728","Elijah Hewett","West Coast",5,1,1,17.2,1
"729","Harry Rowston","Greater Western Sydney",5,5,2,8.4,0
"730","Arthur Jones","Western Bulldogs",5,3,2,5.2,0
"731","Matthew Johnson","Fremantle",5,0,0,18.2,2
"732","Jacob van Rooyen","Melbourne",5,6,4,12.2,0
"733","Bailey Humphrey","Gold Coast",5,7,3,12.6,0
"734","Ned Moyle","Gold Coast",5,1,1,7.2,0
"735","Seamus Mitchell","Hawthorn",5,0,0,7.4,0
"736","Will Gould","Sydney",4,0,0,6.5,0
"737","Corey Warner","Sydney",5,1,1,11.4,0
"738","Aaron Cadman","Greater Western Sydney",5,8,3,9.8,0
"739","Alex Cincotta","Carlton",5,1,1,7.8,0
"740","Ollie Lord","Port Adelaide",5,4,3,4.6,0
"741","Josh Weddle","Hawthorn",5,1,1,15.6,1
"742","Max Ramsden","Hawthorn",5,4,2,7.6,0
"743","Marc Sheather","Sydney",3,1,1,3.67,0
"744","Blake Drury","North Melbourne",5,1,1,8.8,0
"745","James ODonnell","Western Bulldogs",5,0,0,11,0
"746","Jhye Clark","Geelong",5,0,0,9.8,0
"747","Cameron Fleeton","Greater Western Sydney",2,0,0,8.5,0
"748","George Wardlaw","North Melbourne",5,1,1,16,1
"749","Lachlan McAndrew","Sydney",2,0,0,6,0
"750","Oisin Mullin","Geelong",5,3,3,7.8,0
"751","Josh Fahey","Greater Western Sydney",5,3,3,9.4,0
"752","Harvey Harrison","Collingwood",5,3,2,8.6,0
"753","Bailey Macdonald","Hawthorn",5,1,1,4.8,0
"754","Ryan Maric","West Coast",5,1,1,21.8,3
"755","Jack Buller","Sydney",5,6,4,10.8,0
"756","Jaspa Fletcher","Brisbane Lions",5,1,1,23.4,4
"757","Dante Visentini","Port Adelaide",5,1,1,7,0
"758","Harry Barnett","West Coast",2,0,0,4,0
"759","Karl Worner","Fremantle",5,0,0,13.8,0
"760","Taj Woewodin","Melbourne",5,1,1,8.2,0
"761","Cooper Harvey","North Melbourne",5,5,3,6.4,0
"762","Sam Banks","Richmond",5,0,0,21.6,2
"763","Jacob Bauer","Richmond",5,3,3,5.2,0
"764","Jack Peris","St Kilda",1,0,0,13,0
"765","Luke Nankervis","Adelaide",5,0,0,12.8,0
"766","Ethan Stanley","Fremantle",2,0,0,4,0
"767","Matthew Coulthard","Richmond",5,2,2,5.6,0
"768","Brandon Ryan","Brisbane Lions",4,5,3,5,0
"769","Robert Hansen","North Melbourne",5,2,2,8.2,0
"770","James Borlase","Adelaide",5,0,0,6.8,0
"771","Elijah Tsatas","Essendon",5,1,1,16.8,1
"772","Toby McMullin","Greater Western Sydney",5,1,1,10.6,1
"773","Jakob Ryan","Collingwood",1,0,0,5,0
"774","Tom Emmett","Fremantle",5,3,1,7.2,0
"775","Henry Hustwaite","Hawthorn",5,0,0,11.8,1
"776","Lloyd Johnston","Gold Coast",5,2,2,9.2,0
"777","Ted Clohesy","Geelong",5,0,0,5.6,0
"778","Toby Conway","Geelong",5,1,1,13.6,1
"779","James Trezise","Richmond",5,2,2,14.4,0
"780","Tom Brown","Richmond",5,1,1,12.8,1
"781","Charlie Dean","Collingwood",5,0,0,10.2,0
"782","Blake Howes","Melbourne",5,1,1,10.6,0
"783","Caleb Windsor","Melbourne",5,0,0,12.6,1
"784","Seth Campbell","Richmond",5,7,3,12,0
"785","Harvey Thomas","Greater Western Sydney",5,3,3,16,1
"786","Harvey Gallagher","Western Bulldogs",5,0,0,11,0
"787","Ryley Sanders","Western Bulldogs",5,1,1,13.2,1
"788","Shaun Mannagh","Geelong",5,6,4,16,0
"789","Nick Watson","Hawthorn",5,6,5,9,0
"790","Zane Duursma","North Melbourne",5,0,0,7,0
"791","Colby McKercher","North Melbourne",5,2,2,29.4,5
"792","Toby Pink","North Melbourne",5,0,0,11,0
"793","Lance Collard","St Kilda",5,2,1,3,0
"794","Darcy Wilson","St Kilda",5,6,2,13.4,1
"795","Harley Reid","West Coast",5,5,3,22,3
"796","Josh Draper","Fremantle",5,0,0,7.6,0
"797","Mykelti Lefau","Richmond",5,5,3,6,0
"798","Jed Walter","Gold Coast",5,4,3,6.4,0
"799","Caleb Mitchell","Sydney",3,0,0,7.67,0
"800","Angus Hastie","St Kilda",5,0,0,10.2,0
"801","Kane McAuliffe","Richmond",5,0,0,18.4,2
"802","Loch Rawlinson","West Coast",1,0,0,4,0
"803","Sam Clohesy","Gold Coast",5,1,1,13.2,0
"804","Will Graham","Gold Coast",5,5,3,9.8,0
"805","Ethan Read","Gold Coast",5,4,3,8,0
"806","Connor OSullivan","Geelong",5,0,0,10.4,0
"807","Koltyn Tholstrup","Melbourne",5,2,2,7.6,0
"808","Tyler Sellers","North Melbourne",2,0,0,1.5,0
"809","Hugo Garcia","St Kilda",5,2,2,16.4,2
"810","Jake Rogers","Gold Coast",5,0,0,5.4,0
"811","Jaxon Binns","Carlton",5,1,1,16.8,2
"812","Cooper Simpson","Fremantle",5,1,1,8.6,0
"813","Patrick Voss","Fremantle",5,12,4,9.2,0
"814","Riley Hardeman","North Melbourne",5,0,0,13,0
"815","Darcy Jones","Greater Western Sydney",5,4,3,13.4,0
"816","Daniel Curtin","Adelaide",5,1,1,11.6,0
"817","Lachlan Sullivan","Collingwood",5,3,3,12.4,1
"818","Charlie Clarke","Western Bulldogs",1,0,0,6,0
"819","Calsher Dear","Hawthorn",5,3,3,6.2,0
"820","Harvey Johnston","West Coast",5,0,0,9.4,0
"821","Logan Morris","Brisbane Lions",5,6,5,9.2,0
"822","Bruce Reville","Brisbane Lions",5,1,1,9.8,0
"823","Joe Richards","Port Adelaide",5,3,3,13,0
"824","Joel Freijah","Western Bulldogs",5,4,2,17.2,1
"825","Tyrell Dewar","West Coast",5,2,2,9,0
"826","Shadeau Brain","Brisbane Lions",5,0,0,13,0
"827","Ethan Phillips","Hawthorn",1,0,0,10,0
"828","Wil Dawson","North Melbourne",5,0,0,7,0
"829","Steely Green","Richmond",5,3,2,4.2,0
"830","Edward Allan","Collingwood",5,1,1,12.4,0
"831","Wil Parker","Collingwood",5,1,1,10.2,0
"832","Nate Caddy","Essendon",5,6,4,10.4,0
"833","Kaleb Smith","Richmond",5,0,0,12.8,1
"834","Billy Dowling","Adelaide",5,3,2,16.2,1
"835","Jack Hutchinson","West Coast",5,1,1,15.6,1
"836","Arie Schoenmaker","St Kilda",5,0,0,14.6,0
"837","Tew Jiath","Collingwood",1,0,0,5,0
"838","Hugh Davies","Fremantle",2,0,0,4,0
"839","Kynan Brown","Melbourne",2,0,0,1.5,0
"840","Logan Evans","Port Adelaide",5,0,0,13,2
"841","Caiden Cleary","Sydney",5,0,0,8,0
"842","Max Gruzewski","Greater Western Sydney",5,8,3,7,0
"843","Zac Taylor","Adelaide",5,2,2,11.2,1
"844","Lawson Humphries","Geelong",5,0,0,15.4,2
"845","Andy Moniz-Wakefield","Melbourne",5,0,0,12,0
"846","Will Lorenz","Port Adelaide",5,2,2,11,1
"847","Jacob Blight","Richmond",5,2,2,12.8,0
"848","Joe Fonti","Greater Western Sydney",5,0,0,10.2,0
"849","Hugh Bond","Adelaide",5,0,0,9.4,0
"850","Henry Smith","Brisbane Lions",5,4,2,6.8,0
"851","Clay Hall","West Coast",5,0,0,15.4,0
"852","Archie Roberts","Essendon",5,0,0,27.6,5
"853","Angus McLennan","St Kilda",3,0,0,10.67,0
"854","Cooper Lord","Carlton",5,0,0,17.2,2
"855","Ashton Moir","Carlton",5,5,4,8.8,0
"856","Liam Reidy","Fremantle",3,0,0,5.33,0
"857","Tom Hanily","Sydney",5,4,2,6.4,0
"858","James Leake","Greater Western Sydney",3,1,1,8,0
"859","Sid Draper","Adelaide",5,0,0,5.2,0
"860","Lucas Camporeale","Carlton",3,0,0,11.33,1
"861","Isaac Kako","Essendon",5,4,3,13.2,0
"862","Sam Davidson","Western Bulldogs",5,4,2,11.6,0
"863","Josh Dolan","Western Bulldogs",5,0,0,7.6,0
"864","Murphy Reid","Fremantle",5,6,5,15.2,1
"865","Jack Henderson","Melbourne",5,2,2,10,0
"866","Matthew Jefferson","Melbourne",5,2,2,6.6,0
"867","Aidan Johnson","Melbourne",5,3,3,5.4,0
"868","Harvey Langford","Melbourne",5,7,5,15.4,1
"869","Xavier Lindsay","Melbourne",5,2,1,10.4,0
"870","Jacob Konstanty","North Melbourne",5,1,1,9.6,0
"871","Finn OSullivan","North Melbourne",5,0,0,17.4,1
"872","Joe Berry","Port Adelaide",5,2,2,10.8,0
"873","Harry Armstrong","Richmond",5,4,3,6.8,0
"874","Sam Lalor","Richmond",5,4,2,9,0
"875","Luke Trainor","Richmond",5,0,0,13,0
"876","Harry Boyd","St Kilda",1,0,0,12,0
"877","Max Hall","St Kilda",5,4,3,16.6,1
"878","Liam OConnell","St Kilda",5,0,0,6.4,0
"879","Riley Bice","Sydney",5,0,0,9.6,1
"880","Archer Reid","West Coast",5,1,1,4.8,0
"881","Levi Ashcroft","Brisbane Lions",5,2,2,15.2,0
"882","Tom Edwards","Essendon",2,3,1,7,0
"883","Christian Moraes","Port Adelaide",5,2,2,8.8,0
"884","Liam Fawcett","Richmond",1,1,1,5,0
"885","Isaac Keeler","St Kilda",5,4,3,6.8,0
"886","Will McLachlan","Brisbane Lions",5,1,1,3.8,0
"887","Saad El-Hawli","Essendon",5,0,0,10.6,0
"888","Isaiah Dudley","Fremantle",5,5,3,5.4,0
"889","Tom Cochrane","Port Adelaide",3,2,2,6.67,0
"890","Tobie Travaglia","St Kilda",5,0,0,7.6,0
"891","Will White","Carlton",5,3,2,6.8,0
"892","Matt Whitlock","North Melbourne",2,1,1,6,0
"893","Sandy Brock","West Coast",5,0,0,11.6,0
"894","Hamish Davis","West Coast",5,1,1,12,0
"895","Tom Gross","West Coast",5,0,0,6.6,0
"896","Matt Carroll","Carlton",5,0,0,11.2,0
"897","Cooper Hynes","Western Bulldogs",5,4,3,7,0
"898","Jonty Faull","Richmond",5,5,4,7.2,0
"899","Sam Marshall","Brisbane Lions",5,0,0,8,0
"900","Jedd Busslinger","Western Bulldogs",5,0,0,10.8,0
"901","Oliver Wiltshire","Geelong",2,1,1,6.5,0
"902","Campbell Gray","Richmond",3,0,0,9.67,0
"903","Finnbar Maley","North Melbourne",5,3,3,6.8,0
"904","Hugh Boxshall","St Kilda",5,1,1,14.4,0
"905","Bo Allan","West Coast",5,0,0,7.8,0
"906","Josaia Delana","Greater Western Sydney",3,0,0,5,0
"907","Archer Day-Wicks","Essendon",5,1,1,8.6,0
"908","Lewis Hayes","Essendon",1,0,0,16,0
"909","Tom Sims","Richmond",5,2,2,6.2,0
"910","Cody Angove","Greater Western Sydney",4,1,1,11,0
"911","Harry OFarrell","Carlton",5,1,1,10.4,0
"912","Will Hayes","Collingwood",2,1,1,8,0
"913","Angus Clarke","Essendon",5,1,1,18.8,2
"914","Hugh Jackson","Port Adelaide",5,0,0,8.6,0
"915","Zak Johnson","Essendon",5,0,0,10.2,0
"916","Leo Lombard","Gold Coast",4,1,1,4.75,0
"917","Hudson OKeeffe","Carlton",5,3,3,7,0
"918","Luamon Lual","Essendon",5,1,1,8.4,0
"919","Ty Gallop","Brisbane Lions",5,4,2,10.2,0
"920","Nick Madden","Greater Western Sydney",3,0,0,11,0
"921","Lachlan Blakiston","Essendon",5,1,1,9.6,0
"922","Archie May","Essendon",5,5,3,8.2,0
"923","Mani Liddy","Port Adelaide",5,1,1,14.2,0
"924","Tom McCarthy","West Coast",5,0,0,23.6,4
"925","Vigo Visentini","Essendon",2,0,0,12.5,0
"926","Jasper Alger","Richmond",4,2,1,5,0
"927","Alix Tauru","St Kilda",5,1,1,8,0
"928","Flynn Young","Carlton",5,5,3,12.6,0
"929","Charlie West","Collingwood",1,1,1,4,0
"930","Jobe Shanahan","West Coast",5,7,3,6,0
"931","Roan Steele","Collingwood",5,0,0,9.6,0
"932","George Stevens","Geelong",2,1,1,14,1
"933","Malakai Champion","West Coast",2,0,0,6.5,0
"934","Oscar Adams","Gold Coast",5,0,0,7,0
"935","Oskar Smartt","Essendon",4,0,0,5.5,0
"936","Taj Hotton","Richmond",5,2,1,12.6,0
"937","Max Heath","St Kilda",4,3,2,6.75,0
"938","Liam McMahon","Essendon",5,8,3,6.6,0
"939","Zac Banch","North Melbourne",4,1,1,6.75,0
"940","Ben Jepson","Gold Coast",1,0,0,12,0
"941","Jayden Nguyen","Essendon",5,0,0,7.6,0
"942","Jack Whitlock","Port Adelaide",4,4,2,6.5,0
"943","Jesse Dattoli","Sydney",3,0,0,9,0
"944","Jed Adams","Melbourne",1,0,0,5,0
"945","Geordie Payne","North Melbourne",3,3,2,5.33,0
"946","Cooper Trembath","North Melbourne",3,9,3,8.67,0
"947","Rhys Unwin","Essendon",3,1,1,6.67,0
"948","Jordan Croft","Western Bulldogs",2,4,2,11.5,0
"949","Alex Dodson","St Kilda",1,0,0,8,0
"950","Jacob Newton","West Coast",2,1,1,3,0
"951","Luke Beecken","Brisbane Lions",1,0,0,3,0
"952","Ewan Mackinlay","Port Adelaide",1,1,1,15,0
"953","Harrison Ramm","Port Adelaide",1,0,0,5,0
"954","Lucca Grego","West Coast",1,0,0,14,0
"955","Lachlan Gulbin","Gold Coast",1,0,0,9,0
"956","Billy Wilson","Carlton",4,0,0,12,0
